{
  "COOKIE_STRING": "_gcl_au=; PHPSESSID=804e9a95ff305e1ef5db55570b455f7c; cookie_token=ab6ea511346ed6a3e77d33631cb8b051",
  "cookies": {
    "_gcl_au": "",
    "PHPSESSID": "804e9a95ff305e1ef5db55570b455f7c",
    "cookie_token": "ab6ea511346ed6a3e77d33631cb8b051"
  },
  "raw_jar": {
    "PHPSESSID": "804e9a95ff305e1ef5db55570b455f7c",
    "cookie_token": "ab6ea511346ed6a3e77d33631cb8b051"
  },
  "extracted_from_html": {
    "_gcl_au": "",
    "cookie_token": ""
  },
  "extracted_at": "2025-11-01T12:39:46.826Z"
}