{
  "7821918442": {
    "invitedBy": "6440970593",
    "points": 0,
    "invites": [
      7515124005,
      8224321772,
      6734647778,
      8390050999,
      8160599249,
      6797109035
    ],
    "poin": 5
  },
  "6440970593": {
    "invitedBy": "",
    "points": 1,
    "invites": [
      7821918442
    ]
  },
  "7515124005": {
    "invitedBy": "7821918442",
    "points": 0,
    "invites": []
  },
  "8301230155": {
    "invitedBy": null,
    "poin": 0,
    "invites": []
  },
  "7870763995": {
    "invitedBy": null,
    "poin": 0,
    "invites": []
  },
  "6734647778": {
    "invitedBy": "7821918442",
    "poin": 0,
    "invites": []
  },
  "8224321772": {
    "invitedBy": "7821918442",
    "poin": 0,
    "invites": []
  },
  "6460108449": {
    "invitedBy": null,
    "poin": 0,
    "invites": []
  },
  "7975265693": {
    "invitedBy": null,
    "poin": 0,
    "invites": []
  },
  "8390050999": {
    "invitedBy": "7821918442",
    "poin": 0,
    "invites": [],
    "points": null
  },
  "8160599249": {
    "invitedBy": "7821918442",
    "poin": 0,
    "invites": []
  },
  "7899979409": {
    "invitedBy": null,
    "poin": 0,
    "invites": []
  },
  "6797109035": {
    "invitedBy": "7821918442",
    "poin": 3,
    "invites": [
      8327052405,
      8217173569,
      7865974724
    ]
  },
  "8327052405": {
    "invitedBy": "6797109035",
    "poin": 0,
    "invites": []
  },
  "8217173569": {
    "invitedBy": "6797109035",
    "poin": 0,
    "invites": []
  },
  "7865974724": {
    "invitedBy": "6797109035",
    "poin": 0,
    "invites": []
  },
  "": {
    "invitedBy": null,
    "poin": 1,
    "invites": [
      6440970593
    ]
  }
}