{
  "B33K2M": {
    "code": "B33K2M",
    "users": [
      7821918442
    ],
    "seller": 7821918442,
    "sellerUsername": "daffaheroikzre",
    "buyer": null,
    "items": [
      {
        "name": "Bapak",
        "price": 10,
        "type": "account",
        "data": "Bapak:kau",
        "filePath": null
      }
    ],
    "status": "waiting",
    "vote": {
      "buyer": null,
      "seller": null
    },
    "orderId": null,
    "qrisMessageId": null,
    "qrFile": null,
    "buyerVoteMsgId": 771,
    "sellerVoteMsgId": 772,
    "rated": true
  },
  "9FSWNK": {
    "code": "9FSWNK",
    "users": [
      7821918442,
      7515124005
    ],
    "seller": 7821918442,
    "sellerUsername": "daffaheroikzre",
    "buyer": 7515124005,
    "items": [
      {
        "name": "Ayam geprek",
        "price": 10,
        "type": "account",
        "data": "101017383:10192",
        "filePath": null
      }
    ],
    "status": "waiting_vote",
    "vote": {
      "buyer": "done",
      "seller": "notdone"
    },
    "orderId": null,
    "qrisMessageId": null,
    "qrFile": null,
    "buyerVoteMsgId": 829,
    "sellerVoteMsgId": 830,
    "rated": true
  }
}